TGL48_0003_Ct_T_PE_314_CM_UMB-003-BL	TGL48_0003_Ct_T_PE_313_CM_UMB-003-2W-P	TGL48_0003_Ct_T_PE_323_CM_UMB-003-3M-P	TGL48_0003_Ct_T_PE_326_CM_UMB-003-6M-P	TGL48_0004_Ct_T_PE_329_CM_UMB-004-2W-P	TGL48_0004_Ct_T_PE_328_CM_UMB-004_3_Mth_FU	TGL48_0004_Ct_T_PE_326_CM_UMB-004_6_Mths_Post	TGL48_0004_Ct_T_PE_318_CM	TGL48_0005_Ct_T_PE_328_CM_UMB-005_Baseline	TGL48_0005_Ct_T_PE_324_CM_UMB-005_2_Wk_Post	TGL48_0005_Ct_T_PE_331_CM_UMB-005_3_Mth_F_U	TGL48_0005_Ct_T_PE_320_CM_UMB-005_6_Mth_FU	TGL48_0006_Ct_T_PE_322_CM_UMB-006_Baseline	TGL48_0006_Ct_T_PE_327_CM_UMB-006_2_Wk_Post	TGL48_0006_Ct_T_PE_337_CM_UMB-006_3_Mth_FU	TGL48_0006_Ct_T_PE_336_CM_UMB-006_6_Mth_FU	TGL48_0006_Ct_T_PE_312_CM_UMB-006-12M-P	TGL48_0009_Ct_T_PE_338_CM_UMB-009_Baseline	TGL48_0009_Ct_T_PE_334_CM_UMB-009_2_Wk_Post	TGL48_0009_Ct_T_PE_329_CM_UMB-009_3_Mth_FU	TGL48_0009_Ct_T_PE_322_CM_UMB-009-6M-P	TGL48_0001_Ct_T_PE_313_CM_UMB-001-BL	TGL48_0001_Ct_T_PE_317_CM_UMB-001-2W-P	TGL48_0001_Ct_T_PE_316_CM_UMB-001-3M-P	TGL48_0001_Ct_T_PE_311_CM_UMB-001-6M-P	TGL48_0001_Ct_T_PE_318_CM_UMB-001-12M-P	TGL48_0002_Ct_T_PE_306_CM_UMB-002-BL	TGL48_0002_Ct_T_PE_307_CM_UMB-002-2W-P	TGL48_0002_Ct_T_PE_314_CM_UMB-002-3M-P	TGL48_0002_Ct_T_PE_320_CM_UMB-002_6_Mth_F_U	TGL48_0002_Ct_T_PE_309_CM	TGL48_0011_Ct_T_PE_325_CM_UMB-011_Baseline	TGL48_0011_Ct_T_PE_319_CM_UMB-011-2W-P	TGL48_0011_Ct_T_PE_322_CM_UMB-011_3_Mth_FU	TGL48_0011_Ct_T_PE_333_CM_UMB-011_6_Mth_FU	TGL48_0011_Ct_T_PE_324_CM_UMB-011_12_Mth_FU	TGL48_0007_Ct_T_PE_326_CM_UMB-007-BL	TGL48_0007_Ct_T_PE_325_CM_UMB-007-2W-P	TGL48_0007_Ct_T_PE_327_CM_UMB-007-3M-P	TGL48_0007_Ct_T_PE_336_CM_UMB-007_6_Mth_FU	TGL48_0008_Ct_T_PE_326_CM_UMB-008-BL	TGL48_0010_Ct_T_PE_326_CM_UMB-010-BL	TGL48_0010_Ct_T_PE_328_CM_UMB-010-2W-P	TGL48_0010_Ct_T_PE_330_CM_UMB-010-3M-P	TGL48_0010_Ct_T_PE_334_CM_UMB-010-6M-P	TGL48_0010_Ct_T_PE_332_CM_UMB-010-12M-P
0.764978610295752	0.654501159599555	0.996855156058138	0.902989624412705	0.142758840167743	0.0105341186270559	0.612797735121715	0.984320444453838	0.229907653447745	0.791785998158704	0.0026320843189722	0.992955358167487	0.0148047177666944	0.0449457482878826	0.273611659917933	0.127560985541011	0.579484812087928	0.802865807372389	0.0541019224193945	0.907792769966609	0.999275997279698	0.780306365363131	0.791298047674998	0.981541663702112	0.237500534246078	0.859949163883689	0.995364424334689	0.997097309448006	0.999274467046372	0.999945182063289	0.993669209886257	0.856046478272729	0.567259037794478	0.517456024189597	0.0155273613568225	0.0444892907244299	0.982362458600664	0.0035325600861297	0.0047270215204604	0.0185451780762508	0.0050514585566002	0.0022668595298032	0.0203136179987082	0.0586704554189207	0.0547807261601362	0.066043058322418
0.991488381209594	0.983542928766767	0.994475605779254	0.996907333431607	0.530750083440222	0.999998392423725	0.999914749701177	0.999985582145348	0.999953114343106	0.999235726932478	0.932196994979733	0.99835450919455	0.998615196466304	0.86794804200986	0.995214074615613	0.981507976839928	0.999933096916974	0.995337046575346	0.901325773835419	0.978312121929563	0.999992601595631	0.99442486328528	0.999960175290356	0.999901545449316	0.999545387607615	0.999808633406555	0.999764699643628	0.999920469728557	0.998049088597671	0.99999693400721	0.999996742335962	0.999337269544282	0.997129674685962	0.994677065655846	0.999738783824617	0.998539563412421	0.933094486957597	0.999994649784805	0.996729178784815	0.999963977614767	0.990887589622407	0.995218484749818	0.999974749662598	0.998569009640399	0.999992644796082	0.996196751241978
0.449299152943343	0.0314902133007354	0.398440523302802	0.0035969324983713	0.26079783162898	0.905969875608949	0.0299004549675651	0.463086641075718	0.0036172804359281	0.0050027683010831	0.0538697361764632	0.820099851435341	0.106867958074158	0.684660383887529	0.661317616795153	0.319130942119106	0.030981013788097	0.213278463344242	0.0186594203202214	0.639885270152481	0.434748444963723	0.139645381544415	0.231706583246981	0.0598417744052208	0.267617700922559	0.0636737548089981	0.0127224613275262	0.275145182535754	0.114462442399004	0.0141701905165177	0.110380458375607	0.428702156797388	0.0412564618752215	0.010176884889873	0.137771950457367	0.85489959565966	0.767397588403556	0.0844611583738045	0.0028706500685457	0.106367537989712	0.0452131304904522	0.0255498186307371	0.198814831636737	0.0044470359134705	0.804459934018627	0.0217575811088967
0.0038834935963322	0.0447329714127887	0.868259342575288	0.0271865832393013	0.318573157886411	0.858581702664857	0.0156515455410889	0.0285943971272243	0.0162930796886724	0.0211874279897719	0.0205570103329395	0.36784421805524	0.0083908795042036	0.222867623939876	0.707070570490715	0.0098656220155088	0.0489149064142239	0.0402637001059831	0.0529302915094416	0.0301952429624932	0.854933405472735	0.0065333600243667	0.346433243951343	0.354735289941838	0.400859978679148	0.0576062022713821	0.0049582837804642	0.0028614562916447	0.0044957643984934	0.0097734186717351	0.0243468111581824	0.398473273549369	0.298101934144759	0.028851194634697	0.0295898652944059	0.0521140606248924	0.0288482715140704	0.0149357042759583	0.220372848103753	0.361601357104688	0.0276025819076387	0.163714723925141	0.018975517938061	0.0210552525272266	0.213106429970612	0.0177216362183817
0.0009255299032047	0.0048840502597812	0.003079630800481	4.19870174021703e-05	6.90039915433726e-05	0.285907448448673	0.0166294624885614	0.000531488809184	0.389083817097254	0.000151029741811	0.0080723472010325	0.0005359918488731	0.35675946453107	0.987427070299841	0.0352668345751308	0.0005773324053303	0.0033127146797943	0.0004727073342077	0.0010956796741638	0.001897285845228	0.0001100400627234	0.0109197055626659	0.0048810812949377	0.0008953292394212	0.0038315774744998	0.0017369300362972	0.557644048324065	0.00197674476025	0.0177175148112472	0.0074108478684129	0.0382314405173126	0.0104157646036412	0.0036827468479076	0.0009650631334801	0.144291706059373	0.0024511373629954	0.0003560632286309	3.93160736473146e-05	0.0992962908373793	0.0004875559323409	5.66410985567666e-05	0.0007419057882077	0.0016918825467403	0.0001448265606855	0.0001240903421946	0.0005636586562002
0.218519170324796	0.0935053546336232	0.090488602627893	0.0263397542837067	0.189156323908436	0.999929928576998	0.281912233223128	0.429386237297316	0.6015459534743	0.0537462857372052	0.181621566272918	0.103472263835277	0.641281656348837	0.254035196138398	0.972122155868844	0.126717244533944	0.453811640058902	0.204175141095839	0.0210662314455517	0.0141031550780836	0.989304133973086	0.84309808039962	0.814153780505766	0.62015748187556	0.0718695259751808	0.824647734696125	0.0979459969640345	0.0788399751903642	0.137162080428089	0.952658825024241	0.10192160522436	0.399672058025795	0.148072385453419	0.846159432813267	0.357251520202229	0.0213372145469546	0.932105433506738	0.399303753560751	0.996205324921203	0.875697552417074	0.0349543097991947	0.0241160186653837	0.0427827558966393	0.895952476519228	0.0330718622247459	0.020152883441203
6.64849785690858e-05	0.000626460358064	1.66659110343612e-05	1.26678437743325e-05	0.0003137074062425	7.10661297179645e-05	0.0004026332517172	0.109858584923912	0.0027592095350322	6.02560168468784e-05	0.0034249405741562	0.0002472621383509	0.0014023358887557	0.0068386382023221	0.0001833887448487	0.0002601533922177	0.0003177965394368	0.0001853867292017	0.0004696773577591	0.0011367285854124	3.88885551345701e-05	0.0003355919746059	0.0002148263332537	0.0002894999819716	0.0067166127730435	4.37808183138893e-05	0.00041272455534	5.5610965510573e-05	4.9587159755196e-05	0.0300826419699056	0.0184390747422217	0.000312794189507	0.0001845865673628	0.0004923813014549	0.0003940828802211	0.0014886360862351	0.0008558947610014	1.38880907799085e-05	0.0002170060995205	0.0002083973059726	1.87101543892305e-05	3.39499172708077e-05	7.32868418751098e-05	5.29008500868445e-05	4.59990009164426e-05	0.001008813108067
0.0197813873442152	0.109712538162408	0.0018990475013747	0.482722534865072	0.0389861054873323	0.918802274225132	0.557564350566475	0.420655161602873	0.815339459947143	0.0014701155137615	0.19036069282875	0.0980859389162542	0.545764071277179	0.999458045130765	0.0708122290740618	0.165948681076553	0.591708647925466	0.0072635105062048	0.0244994826882162	0.344160671558455	0.0146034428192636	0.0012097847523652	0.000467053619338	0.0223860890506586	0.0054016339857502	0.0007901135182166	0.040395901322359	0.0053695667942056	0.0529679072220565	0.299260046615842	0.627966358644646	0.137396166381157	0.0218678781161645	0.646347431965772	0.312013573249855	0.0690499457331989	0.533294152960078	0.971390093532523	0.732522049695124	0.971324968304516	0.0005567699379455	0.0526466596294787	0.0056380398783754	0.0047112537532791	5.51269079565066e-05	0.0078328725585839
0.031733535826131	0.0291714131019917	5.96049539825058e-05	1.25116567444167e-05	1.38037450876445e-05	0.0003311206878989	5.08304082378018e-05	0.0003534445516062	0.0202229824944247	0.0003394279975054	3.88656488184495e-05	0.0004332184352279	0.0136071387008135	0.0384895017533808	0.0006905774492101	0.0102818457744364	0.058842430093569	0.0001700070043876	0.0004402131294438	0.000903489397574	0.0010081066572746	0.0036172115094012	0.0315504311012151	0.0482767308745262	0.0043410872963453	0.115301207543102	0.0453938614801085	0.037201279860227	0.0146991520989902	0.0003812784567602	0.0035523706877167	0.0004031873740768	0.0001117283551357	0.0005847142270131	0.0003261670356848	0.0004875521405087	0.0001840206098918	2.62597889977918e-05	2.91300183911329e-05	0.0005397540373992	8.00345893937705e-05	0.0028803072078936	0.0001526694353141	9.90438654403442e-05	0.0005699414574877	8.59520803015058e-05
0.152069162607089	0.264519539309049	0.124278603219899	0.0423412458239209	0.0011059941777461	0.21654846648142	0.0092547872592735	0.965824942093185	0.0119903307821705	0.0018665135123424	0.018190727881267	0.188725368155371	0.0633039110359873	0.0530525512210265	0.0466486308474832	0.0030515960835785	0.0216464148651065	0.0053918511579701	0.197016993115039	0.0078084533696263	0.188101029666122	0.0113793767603696	0.15596681691784	0.000817468627582	0.0015418973049337	0.0657919554918639	0.0098493265475463	0.0692483948861803	0.0014480258259721	0.0199630593204567	0.0030965998462794	0.0047717368987476	0.0009616597968244	0.0056384045006417	0.0581104656902242	0.469824284724315	0.280190890182047	0.0005662404990203	0.0940650731150815	0.0516332807130459	0.0010806501582302	0.0013595641998805	0.0169541493501077	0.0146502321150828	0.0118920924442418	0.0071010440143704
0.0029947715654994	0.0107603022464747	9.79557567020985e-05	3.21489284323356e-05	0.002412791240636	2.07181259016105e-05	0.0077867798978819	0.0020235617626599	1.98098525624418e-05	0.0009524489177456	1.73602981796537e-05	0.0374922014117047	0.0003023502206953	0.0009023952157025	0.002420972469953	0.0013989819443721	0.0020396088320976	0.001432627851756	0.0001863131832366	0.0005804529291788	0.102993349597525	0.0002133823745678	0.0023799059643002	0.0004087632931395	0.0005691509840725	0.0011273055288807	0.000347651617133	0.0972624315822818	0.0009372864130861	1.42944740233637e-05	8.88240568267972e-05	0.0001705412129627	3.97628967526159e-06	0.0044255783901679	0.0001748898518868	0.0004300051677722	0.0001028610065439	0.0106378457444373	0.0338082930916094	0.0125509326439156	3.49868807336851e-05	2.28485972890319e-05	4.39937742659961e-05	2.79706067352332e-05	2.39455533407272e-05	0.0001056266914668
0.0056028515990113	0.0060153411885749	0.0024986572811362	2.06891980260335e-05	0.0069873176633083	0.937924207853475	0.466552298461538	0.0099222423008376	0.714999367908076	0.0271096717304714	0.0055952211191619	0.189582063947278	0.0035833301732061	0.0519658787566025	0.0477371616081834	0.170839811879467	0.0348484470806514	0.0511213496099086	0.0001338389589118	0.0004600657497783	0.984547761365964	0.0393355511959473	0.119914336234447	0.182275833523335	0.0133340184734888	0.617393929679384	0.0078525272514444	0.18248598561545	0.0219857153444242	0.581964727938025	0.0069699831671112	0.0001371965528169	0.0001604615500681	0.0035346224964478	0.0018394211229905	0.000284764135952	0.538460670370251	0.0595215874431876	0.0002360314704688	0.357692393253696	0.0030716128759649	0.0006849869838319	0.0002777661722933	0.0001751183966851	0.0008029093899376	0.0048541957539711
0.0576655843218375	0.0001065113717895	2.1630649198419e-05	0.0001571618654959	0.0004049107045015	0.0456567646864651	0.0016847127600915	0.006384190015856	0.0084199136517309	0.0142751809979342	0.0007065363553626	0.0010579339599999	0.0714502053701478	0.0270892144624714	3.4099138058345e-05	0.0025922340656488	0.0023056055957212	3.25093189058917e-05	9.56460882236191e-05	0.218743422539083	0.719753227345603	0.0025842180735562	0.0001516960171335	2.29485226890603e-05	0.0191338094363039	0.0004277983580864	0.0003479706736547	0.0034602765346813	0.0006405145259899	0.84198740157304	0.0045071121580852	0.0076938772649238	0.0001923409406893	0.0001405783395953	0.0097002419179849	0.0006295422117368	0.0517838732961521	1.93738234230982e-06	0.0779420895352943	0.0703321103523097	2.44661909000325e-06	4.64842991732383e-06	0.0001224881172211	0.0005170993033982	7.17880102793697e-05	3.04626727128936e-05
0.0383102344488546	0.118557861744287	0.452318676481515	0.0501164009268949	0.667376080782736	0.802470312513313	0.161410554099016	0.0123147970024005	0.0053390323129933	0.0810261335120968	0.728819394034841	0.139702814219799	0.138592997420034	0.0957527167409186	0.120428468062955	0.0041754794521668	0.321596342638472	0.0171197264336926	0.0257897553380607	0.670048480194878	0.0389031428914752	0.0017473181738654	0.078699555989402	0.0134877936194542	0.003329344154399	0.0155863379076157	0.0198436018051869	0.0904035401849804	0.0017001082938038	0.0025898762765721	0.475695204712978	0.0124199785944665	0.0057271241075189	0.0136289484363106	0.012595922898944	0.394090132059126	0.0466022021605179	0.109582390380945	0.158343202799872	0.0104234796979342	0.0064849631420342	0.0048420191815685	0.007045246099522	0.0068583348848902	0.228929027331165	0.0313528344644131
0.0661639291597113	0.009523792413492	0.0280706860284002	0.0416024528146419	0.042995044741785	0.0354531148746288	0.0251316681588678	0.0423089148980451	0.264248735097827	0.0327807375988564	0.031950247934284	0.0333687171935507	0.0142547316984456	0.901107924359152	0.0341770970117812	0.0170511533223792	0.0101472158602171	0.0596817496949934	0.0742030439685636	0.0399626852754903	0.0264870438676543	0.013020351852936	0.0070586797731391	0.0073683866564465	0.0179401666175233	0.0065045345976027	0.0101208227834302	0.452938172783945	0.0095293991030042	0.0169932369783165	0.0370467246329148	0.475740808107549	0.041580864472834	0.0406873401760857	0.041393123861524	0.0649999733664621	0.0430086813215401	0.0245387775598612	0.0296299892530623	0.0375400685604194	0.745048621005382	0.0279964915335708	0.0311335402886529	0.0344810367640242	0.0315365936514881	0.21378827729105
0.999999997705894	0.999999999987629	0.999999997808729	0.99999998146952	0.999999985497783	0.999999999999827	0.999999999999993	0.999975404684924	0.999999999999789	0.999992691249788	0.999976326254259	0.999031687865575	0.999999797234355	0.99983996435749	0.999994860336232	0.998809136730286	0.999999998745147	0.999996386491989	0.999982919753445	0.998722021340597	0.999999999988487	0.999999372395946	0.999999994521438	0.999999998727152	0.99999999764456	0.999998904208668	0.999999996615518	0.999971917044272	0.999995835401821	0.999999999893531	0.999999999638754	0.99995280976787	0.999999987431338	0.97685501835553	0.999998624323812	0.999991009462372	0.999999653972401	0.999999995813662	0.999999768184377	0.999863489914563	0.999999747607012	0.999999999995562	0.999999999998142	0.999999996077378	0.999999999999686	0.999999813083959
0.0049600668693231	0.0072592454033447	0.0277910066944251	0.0494027376328201	0.0048578304344935	0.0051498932819386	0.0031087536219392	0.0079185922677549	0.0034425010257349	0.0663899819150729	0.004768412092878	0.118194381695333	0.0018416751872039	0.0042681441792457	0.0878664956715933	0.0279437128852333	0.0294880968497638	0.0107277910446716	0.0170597406002291	0.0125659196513148	0.157095915484361	0.0151516095864886	0.0495270175811272	0.0004064628610237	0.0131415567156363	0.0071359018866235	0.0886351986851335	0.0060720489918067	0.100239648050831	0.231961680227646	0.445225412173838	0.0081376234900907	0.278156718434792	0.173837341633669	0.152705651350569	0.0226583308750204	0.0524121364274467	0.111505497949562	0.0029110767945307	0.107522686807889	0.0045708543643524	0.0027784256959015	0.0040001982979033	0.0040162450384073	0.0035532789880724	0.0237910103644807
0.0007884870302495	0.0159665426717333	0.0002032024019608	0.0002896014703933	0.205816051291934	0.0007194517616628	0.0041193422982732	0.0282577002663094	0.099328829895269	0.0006498535949619	0.0381142666646678	0.875234155774736	0.021900118615607	0.0011908917828806	0.0157982897886659	0.0279478542700181	0.302203853195065	0.699189853797598	0.0033875675251677	0.391656755862537	0.0194961905574829	0.842241528762977	0.736539019676651	0.0393287694772515	0.0424755494369646	0.170465817573639	0.0012325198277354	0.007767990862455	0.0016965727237543	0.0015548791790306	0.118586065917596	0.0306837171784729	0.0003218312437972	0.0452082689800169	0.0021190891612617	0.0071062380879769	0.105702003967469	0.0001753694975721	0.0002894740192418	0.107069864464564	0.0003878853017398	0.268853462438594	0.0060249876015727	0.134014309842576	0.0004295122500029	0.0023458096971076
0.113275863203108	0.115036486269775	0.136686787872262	0.853462589438408	0.994382954027577	0.779978755252692	0.819162850405044	0.911872095881492	0.968801715098121	0.579237651817302	0.238524331684027	0.132896206674802	0.308520496065903	0.960397966415117	0.700622454381393	0.778697286518781	0.941724149339764	0.0174104648751547	0.967318877776932	0.466422464614574	0.775525788280422	0.881317300997086	0.290171531192971	0.332037280098976	0.859179248229847	0.645803017391241	0.764142576160904	0.998919078714105	0.498306555267442	0.849511611952935	0.454854378835998	0.467846305829286	0.222735296016038	0.187205906547197	0.426016289870817	0.926993361696605	0.452493017256478	0.744702828160098	0.350731963307033	0.993709446102916	0.826416834764498	0.151317004516267	0.80362681887358	0.990610038738174	0.20965932590909	0.32280199844048
0.331257854559916	0.432880840373519	0.0035995504178765	0.0008318541291182	0.0007991178656553	0.0013955755027918	0.0214544724425991	0.104764066552264	0.0256232061171544	0.0837712903547515	0.0070285900104905	0.0855391053694358	0.375869948753592	0.705653837245982	0.0431840279633891	0.23450674893044	0.150634949627614	0.0009482788792775	0.002078358249952	0.0278732393603239	0.0323509179334379	0.774214300983101	0.461140024734896	0.717728109591954	0.279206903869434	0.385966122117779	0.530103921271277	0.426107655768029	0.375590485829188	0.03153244884512	0.0780150674111542	0.0840591675690883	0.0007904072626167	0.107833943952948	0.0010855720536651	0.00097447260032	0.0001754149305615	0.0165255215512494	0.0047442931627219	0.0313416955492794	0.0004872176551273	0.0647622730570476	0.0272875219405824	0.0045094946260344	0.0635067068387895	0.0029527315754897
0.0002610291271084	0.0004407894783212	0.00078808623828	0.0169672597114306	0.0017478735551511	0.0021669340691843	0.0012618174397614	0.00370972874886	0.0014311364416619	0.0019826751488795	0.0019992707748535	0.0030640386806502	0.0008326162096185	0.002250741568978	0.002293597773844	0.0602173449312723	0.0022829207820959	0.0047459350956909	0.0083846064064213	0.0076326572107178	0.000978413923693	0.0047156203744373	0.0001130234668299	0.0001317534211909	0.028062536663323	0.0024925285593187	0.000191276829104	0.0001300417655718	0.0002150085081924	0.0054685792904572	0.0026918732142734	0.0736513794904706	0.0013714403624029	0.0050395079226941	0.0048107400142529	0.0139257801847263	0.0013357975883696	0.0006768497498084	0.0010459589690104	0.002765209984114	0.0015940961088719	0.0010166932640271	0.0016277574827269	0.0015478779352826	0.0013626647582207	0.0010826296577469
0.691109666513847	0.996694619764082	0.0135670238795275	0.0016607980364059	0.0026057720937024	0.0041124904691732	0.0880325356988742	0.0444406821636177	0.0136677483607094	0.0187694364852382	0.0144057492796764	0.646863886781355	0.321105740961088	0.726631152582058	0.0439144741533729	0.209976803531492	0.663807229506103	0.638422379350135	0.195006218587687	0.873904317371785	0.102927679841866	0.0085925797340102	0.408729456365455	0.7972770052242	0.642957269849184	0.328177274289544	0.585484396985255	0.723917978860131	0.413516671763767	0.0216781466808649	0.608417122390153	0.762833096051208	0.128056985335296	0.596902906714591	0.0955176208733246	0.0251550807334887	0.0029158567785248	0.015659747850904	0.006215276561245	0.857059616097268	0.0015915783177029	0.0618188228863855	0.603346906928402	0.504883212880209	0.580103263265333	0.467023920334078
0.873059103861466	0.822841454706726	0.583107240789303	0.990436200334136	0.9643589526015	0.314182919346924	0.540772434935095	0.966565225439792	0.249785944973509	0.332735884650698	0.611058649572948	0.0396631720471759	0.703489571863635	0.604032108924022	0.959412184312266	0.987806335698592	0.772481763141019	0.604145116146091	0.984507640580337	0.84384296020457	0.596475335443361	0.907772336841476	0.443467008511859	0.115554358650222	0.975451808777412	0.917965549412024	0.160842591283604	0.428154459868328	0.178287476846733	0.933190563501782	0.452869322241075	0.0485996445037712	0.698127814072608	0.775359155495567	0.0462928276160542	0.0698726065083521	0.875530301416463	0.759966009165908	0.909059965203766	0.781756673758363	0.317122366765892	0.570727122690806	0.861033410982685	0.87491754217787	0.997887888450443	0.788965555245183
5.18273281772144e-05	0.0001085004837671	0.0003145462656485	0.0006127648337642	0.0008972881338349	0.0010589250608658	0.148985303973482	0.0016915952590278	0.000663284639745	0.0009320784439743	0.0009039002087708	0.0014363737710218	0.0002930361326034	0.0190256118656961	0.000867856178662	0.0003084162771635	6.47373463533401e-05	0.0020890442090057	0.004023783802881	0.0048500365737263	0.0003386498876267	3.90704049448776e-05	0.0004328795530284	1.9957171617082e-05	0.0015047458400584	0.0004598542606342	0.0008971338363094	1.57084108041419e-05	3.24069771066516e-05	0.0147991589613602	0.0012443531035972	0.0019572967424994	0.0006361112730807	0.0027085549148232	0.0027736471016338	0.0102677379221644	0.098028296475405	0.0043693856546126	0.0004679688424902	0.0011128544153645	0.0007612203470548	0.0003696835760722	0.0006223479172604	0.0005993848593977	0.0005428800004317	0.0041600333994003
0.797408831443773	0.850028028733246	0.897810853955516	0.980872674559572	0.262323875069566	0.0414569107253101	0.98344661387255	0.987619932001906	0.96974345380245	0.292189246538713	0.559279293568212	0.369734567919351	0.390736371398706	0.0269825091157442	0.365429187618191	0.65459487239686	0.978707822783797	0.874921549492759	0.0910393091246516	0.0471792332626727	0.791343949434826	0.996651954524835	0.684071398878304	0.709179484149225	0.373265154686095	0.991238712895336	0.92530620676011	0.987592190466978	0.977439059636197	0.896092185173943	0.90352330481992	0.417640667068702	0.240613814716616	0.872144113326012	0.393331839577247	0.0701285552244081	0.981919653243301	0.386206118937717	0.712468877973015	0.399418693461124	0.25550937906869	0.481366162480948	0.245528170210227	0.820410679898563	0.935565401552328	0.411952645786585
0.20782452212464	0.0139496580529099	0.0001263862970675	0.0159012910162288	0.0043360287822221	0.0013429299924262	0.0045497944279317	0.0655570186360679	0.001296499273346	0.0291437434502459	0.0068188528508437	0.317648714217018	0.0117005637416963	0.0367611525939312	0.46347320694494	0.114726257567863	0.0793586728863235	0.0116059836321099	0.266806946309986	0.0019860260356861	0.717718072523268	0.0156544186373449	0.2271209040329	0.61783352414193	0.19075100975002	0.421149687383828	0.018556151012808	0.0557845960445383	0.19925056040717	0.0346546106381264	0.0005759613237802	0.0125551116491692	0.0005093920487424	0.0012951965777421	0.126124081389635	0.52539842325684	0.0573810255317464	0.0079435235374344	9.44668573514485e-05	0.064697519047322	5.15481250989716e-05	0.095985340191141	0.002684502542969	0.0019640647615314	0.0015711651515281	0.0136612597348009
0.391627618572381	0.0522320574826045	0.929808363613139	0.990238636235653	0.884057262736463	0.0281644813783856	0.97492023685892	0.909440847745828	0.0201940824738273	0.26032283623171	0.968120170091478	0.0281889282163723	0.379117372566775	0.232603144632456	0.0289981021197629	0.13901013570354	0.450284770438148	0.0514231525257778	0.931197527764148	0.820537561664191	0.813323411479114	0.878292926188631	0.968934952911628	0.725971124717955	0.903149619694508	0.689277829970396	0.443350482919141	0.709800663717569	0.476486802275512	0.817761966112842	0.373966937171368	0.0349006224734487	0.0287555239753361	0.0348711208890645	0.378819263162856	0.60540781892254	0.943629863399349	0.13657909186339	0.497498614715933	0.900472836195366	0.0305601275253103	0.157075859917587	0.025700241436536	0.845294617167369	0.569199715828543	0.139831324495283
0.0568732984584272	0.344935695405336	0.000322564496977	9.82679636117237e-06	0.0001232243584458	0.0002995409909897	0.0032284071539305	0.0010141692424073	0.0003335597947473	0.0012687383260865	5.733716642141e-06	0.0012909623340769	0.328052872942273	0.126927271539537	0.0090092142259977	0.0187383846468675	0.0980998575277595	0.0046679082830391	7.64257179395111e-05	0.072680283492986	0.926061554276671	0.0057724753742369	0.0059567573626496	0.0101143109920033	0.141891606785036	0.0329209944419914	0.0587861519863232	0.0609880625467391	0.146489190078272	0.0009075239380235	0.0045157333105514	0.0240448603809404	1.17271134269841e-05	0.000150973731557	8.58354243413722e-05	0.0001736040309388	5.01689208011964e-07	0.000119942321511	2.79014769464106e-05	0.0001008644076484	0.0003040172101975	0.0019071572796728	0.000171690935615	0.0001037998562067	8.58469641685702e-05	0.0029453088002588
0.0029789414378175	0.0006484559342503	0.0161358409568525	0.0022717409128708	0.0029028902176127	0.18348846971292	0.0211143613593448	0.005380589842582	0.0021990232755291	0.0030483224330857	0.0030659832506395	0.0043593259839712	0.0170366455055569	0.0030562498641874	0.0033946372752839	0.0014503767168313	0.0004681140481168	0.0070969095950392	0.01191370676919	0.0097382700427585	0.0169839668320545	0.0004017570926301	0.0034303546831698	0.0002246343697498	0.0008761755182266	0.0002333370212899	0.0003253025396467	0.000213485497578	0.0003541484031961	0.0009011524181336	0.0039720772942079	0.0056657616201867	0.0313864173945054	0.0068755227296569	0.0066285571054992	0.0177296953485283	0.0307391715907772	0.0011518237060067	0.0017284606173804	0.0040541417728598	0.002688187104929	0.0016597557434784	0.0025229284734769	0.0284453462262113	0.0021764241861557	0.0141668356903271
0.0091096252338193	0.0019337763260458	0.0392589181691607	0.722007828438696	0.371972571068304	0.007912693845169	0.187458799353328	0.181819435332785	0.0578486482303387	0.0905442108933339	0.0075638680639679	0.449877803443738	0.349005595635047	0.915607001918863	0.429300669422564	0.168324048941747	0.0476675454439847	0.0166818880850273	0.0251001119611038	0.0164976817061633	0.0427438560039949	0.0015732594046606	0.0007808361976411	0.0009130033150019	0.0223541915618283	0.0141134614842654	0.020221844931797	0.0122059237826607	0.0013767806454233	0.0025995972671192	0.155871069347925	0.907178837399827	0.070443719283164	0.0134569554934122	0.0128255137925895	0.0280265477863188	0.626400377628171	0.141018077283733	0.197772718901881	0.482610723448342	0.0071321841379347	0.00478038860501	0.278269516338636	0.0067331373492291	0.0574322334133095	0.0051334223275058
0.702861825791502	0.435051610184532	0.386671623120366	0.467700004494906	0.821130609933317	0.0724351009755439	0.376209218266029	0.596104695006524	0.0557577033528069	0.0682126646967624	0.432186618846191	0.0653671867434114	0.821376028876775	0.91966399834886	0.837494026019091	0.973431751550854	0.496399090994936	0.111925080688554	0.801058377297569	0.889075986680645	0.747304954245961	0.0382053101963013	0.256057609169652	0.96772557154662	0.95958110515614	0.880014724639794	0.743736829974567	0.889849720606023	0.76265754279983	0.286736317999196	0.869488394693957	0.983651633689937	0.935048176019826	0.926957765412024	0.0734857763717301	0.0957695575246316	0.811225014621111	0.690537726231206	0.427192550337002	0.595533023826326	0.477992750717861	0.0663670660355459	0.912010329708701	0.924541332432935	0.431786237826573	0.344523994505668
0.009406632230574	0.46248680038034	0.789789427646938	0.0057991016126161	0.0773538627421858	0.927277748192281	0.175054646816224	0.809402572406965	0.0053713175225208	0.834885705378746	0.0076064206578425	0.434533435676551	0.739119735172192	0.0068914878800499	0.420157921100871	0.0039329994659311	0.0017023475785687	0.275479695114737	0.440303736620934	0.0165669491251345	0.944144708085946	0.0016495510971138	0.317685191883901	0.0904568653664919	0.0221281278119289	0.0147500809431013	0.135203389623912	0.0009852944353137	0.0249968968006687	0.0025939966351773	0.0091472346788687	0.012246650144824	0.291144713849542	0.013533083308065	0.0127189089823197	0.411805446614254	0.0557383360004173	0.34573744702502	0.695170365363238	0.144198705476236	0.0684776084909273	0.0048060658257941	0.0642325319031394	0.0067867105556506	0.0543080397581543	0.0334381857579445
0.180990846823123	0.444124747389189	0.0087844241160153	0.0010886006827924	0.0016465107343903	0.0003922568630166	0.0090259424122278	0.105770396988878	0.117920887878764	0.652938208002476	0.0152140656746018	0.0786244873866875	0.0475313340929532	0.0407812072289722	0.0204684855814499	0.0290342075545519	0.0702690850568335	0.0236670820667066	0.0026940301072366	0.385450329340488	0.230100900132136	0.0912371529515917	0.471803450413311	0.0705911890380205	0.0050621730109029	0.632274631208184	0.083803310874177	0.720460962135392	0.158695543583402	0.855880362548388	0.001001039327279	0.0016335309515546	0.0001470327186207	0.867037884623777	0.0014671588378184	0.0030000122888238	0.0441508269787551	0.0149809373960057	0.0203986834614429	0.0200195751992228	0.033085043636263	0.156185868743814	0.262580994829989	0.0037587778412294	0.0647908739510526	0.0072461173665406
0.039758822570452	0.358592661616971	0.0001604213562349	0.0192066769775715	0.446222891606603	0.816018061873347	0.813042197552098	0.130020370893953	0.212102790745541	0.132174540935522	0.957457273346099	0.979982218447366	0.987573293829136	0.0745863963687153	0.245639714367471	0.435129609877703	0.727554958541561	0.0334366293366985	0.0028727363081197	0.0036562147446002	0.266405149922431	0.445089990613594	0.132949499835796	0.497917257240474	0.0075224726869878	0.176840742081253	0.961091539025044	0.98883943052847	0.968956884618587	0.0060949345749947	0.845398958076657	0.120589588299659	0.334955870556899	0.393756134736274	0.121130891002803	0.825858953499137	0.22571089412096	0.244984540282752	0.0454088408083182	0.600846300818973	0.342095419548343	0.0130375375067552	0.333663432207938	0.999790427133536	0.0987599538360879	0.0091949069466907
0.0992247568285346	0.0947080901168151	0.0167432065809922	0.0003405720443603	0.313917680518764	0.0008790050318559	0.157814725746054	0.0028801689446321	0.0055047828048193	0.0075277465416201	0.0320847389592558	0.124405810754015	0.0662274716273262	0.0557823504600873	0.0031075848552059	0.0055454552325037	0.200863652362848	0.0027932795425266	0.115583613385388	0.0050045807032086	0.868023786454046	0.0191424889325313	0.233003086918196	0.087944967335478	0.113189371037304	0.141195893630185	0.104838128103746	0.0382062382916601	0.0390763850878403	0.42994120299609	0.369437339300546	0.0368838472971628	0.0029876817914318	0.0036597342760266	0.0026209252427308	0.0051364794329986	0.0001782442988107	0.0002950742735852	0.249058063184221	0.0031021665999561	0.0030965859128208	0.0230728913285826	0.0441083588748723	0.0078068452977607	0.006206690510577	0.0039401663966602
0.0103980027339225	0.0132588591249433	0.0919494542796778	0.0004653222135778	0.0006445553516613	0.169050673893859	0.703907661845646	0.0406850190705497	0.0354150794517111	0.0590707560234549	0.0494137641350337	0.0022840949615558	0.604342103951303	0.0338378893133358	0.0278133926966639	0.0560051412388699	0.0107370582795934	0.060240874071496	0.142737058460435	0.986058551910126	0.130426010013045	0.995017098410439	0.0172574650802109	0.705895807860766	0.0185619444538848	0.371709674569513	0.0316389174831319	0.454281983184721	0.0070536715591666	0.0423775530583025	0.957576839889254	0.0422824079073377	0.140951930333657	0.980807354214784	0.163761291215907	0.156989793575168	0.0003682338910194	0.0125088376155645	0.0042538465668153	0.0320176331337051	0.152591778817721	0.0254988794412022	0.0502804600183585	0.165525177698628	0.4392629698882	0.017510892761409
1.58844066932372e-05	5.06556640087798e-05	0.0002238060811166	2.42828209843623e-05	0.0012270339618161	0.04941793482037	0.175870023601047	0.751194654107942	0.0059765764252375	0.00168294436793	0.0318953192823659	0.0278463967892728	2.13840633533251e-05	0.108588190583209	6.61996198925645e-05	0.0809711472711158	0.0001310173374131	0.0001707277112036	0.0004230091264386	0.0012378517450537	0.0661721654464441	0.0204875626489252	0.0849232001692538	5.62445451925426e-06	0.0156456568545805	0.0661905942503822	0.0013690595127723	3.42722783245572e-06	0.0078320983935307	1.06795107658143e-05	0.0001205106350898	0.0065450119862433	0.0006409304072149	0.0004216772314301	0.0576580773230767	0.103562299450421	0.0010724907513539	1.48418905645232e-05	2.72814508074687e-05	0.0025788475641628	0.838668632966555	1.80261968399883e-05	0.0049540137780705	0.0005948903764653	0.0043322810876265	0.0002297304505684
0.0255652959274155	0.0785350441879879	0.0133550217756767	0.0188169092694655	0.0278583567788809	0.142987839454561	0.0196613148646173	0.1035864036296	0.886529664368722	0.170167457480999	0.144245965952236	0.752225540179651	0.220195015223752	0.224549554666784	0.288082252325485	0.708179776439062	0.630228876499667	0.586676488088847	0.783468106358025	0.0118024589230444	0.987052631979078	0.954102820703205	0.195702773196122	0.0564331041323861	0.0022134111940819	0.0686442335491669	0.0798973227264906	0.615137071875946	0.0185088216957328	0.300806936810154	0.651556101128183	0.349887070700517	0.0217283858347422	0.386214828325944	0.100211512773012	0.0176903710759439	0.785955305851653	0.0439075038365735	0.0161035803921763	0.977973892332931	0.0250322422961838	0.269961458140938	0.0325125360476304	0.132898139436118	0.891049182237541	0.432869880407143
0.004268715206519	0.0016560409001798	0.0024839446117884	0.000314650110982	0.000471073926588	0.0007798715683642	0.0004607239920576	0.0016302617786529	0.0005285332135177	0.0007079353237748	0.0007276879339474	0.0257035845484402	0.342245227046205	0.0211367508303981	0.0174792824427255	0.0317175515362359	0.004776430936699	0.0018722810786825	0.0037144543976898	0.0043462115087957	0.0211420139744413	9.4384880744806e-05	5.31845592889889e-05	6.80507364267798e-05	0.0017397562612467	8.81969266076271e-05	9.09930939649619e-05	8.63836444152876e-05	0.0001230001584156	0.0001923517815152	0.001136955944019	0.0018760485114677	0.000350109851557	0.194693644476571	0.0022573451247432	0.0072728024895683	0.0003052348681814	0.0001932434934586	0.0003184551885387	0.0012735505572644	0.0004185965620943	0.0003552232261113	0.000642275491713	0.0005564902759824	0.0004831893352326	0.0003702928426207
0.772838535449513	0.688463929059588	0.979868668621367	0.0144399406436898	0.623860908720818	0.170989174989089	0.358922821283171	0.702526281693576	0.119198948383806	0.0124989298049185	0.0122332844979625	0.965508565116626	0.981797086540821	0.971564939111044	0.589121496871438	0.903703106160881	0.987872917181234	0.0252439020267011	0.91770715143051	0.88167638667714	0.0926429401549159	0.0028686893548742	0.0266011217100737	0.589618074691862	0.0465729278011678	0.832311026930427	0.283665382089071	0.870290861441759	0.292073112053516	0.228995918717247	0.681833159895556	0.28941628092633	0.181050927204053	0.970235308061541	0.837669030432395	0.03923953160651	0.594148568837995	0.667021242998444	0.955128320275776	0.869881394343862	0.569244515067106	0.0906150841443028	0.463296797369038	0.0116033676943639	0.124283220012556	0.0093390176989747
0.91573708893163	0.855996915394227	0.998579385405121	0.0964127951620903	0.989580196675651	0.942872355200231	0.999913356380942	0.996901762570991	0.957453431137355	0.876773767284795	0.898196659867007	0.966051699076678	0.885156822183909	0.96913984885536	0.999151299670164	0.492438871124309	0.992761955734993	0.948413650127414	0.54427210707072	0.572000101136147	0.986344885299685	0.983501430899574	0.999466086917557	0.939660747553488	0.922542691228183	0.999575300761576	0.860282320281518	0.806222899676363	0.881536848040882	0.990903752653535	0.843999847764814	0.921647019466544	0.107806042783478	0.280436748328866	0.768626595603787	0.0400968451090766	0.0912380690319656	0.992287963241956	0.986770363967751	0.974289011589866	0.406213649527762	0.840280126672217	0.113890933351393	0.700575625382446	0.892229355391569	0.0116706895451881
0.226006830097066	0.76476008797793	0.441548271132776	0.003781704389761	0.292812921191714	0.541651144296277	0.636323544623264	0.008298856634793	0.0395677692897923	0.0630718147912968	0.85514267341287	0.377616241437226	0.0020293676769801	0.0047013083578597	0.0885704849788667	0.123544707563719	0.102251788722376	0.217576872956768	0.0178420537646691	0.206617820983233	0.933295113121834	0.139908425086	0.0510520520875703	0.0568629292106689	0.281024760474033	0.00827247895878	0.918766382956177	0.0071190460805828	0.0143977719060059	0.0146633318668929	0.114249445053404	0.0085144853960501	0.0466053672734487	0.0098382089624352	0.144854407586117	0.377942340115637	0.213443234919599	0.096871129711693	0.655670556190813	0.399105861345491	0.0044368560873951	0.134869208780379	0.0449439540011366	0.0440646703778465	0.984010093036078	0.0031321081577365
0.650427971857964	0.774067994883691	0.0148924423871634	0.0234560377155348	0.271007776286262	0.933715493926461	0.452395975552263	0.370806763634244	0.956513299463727	0.0198539495619849	0.204947826561002	0.688804741039983	0.808002850611781	0.513017232812858	0.28802476331091	0.963603049911016	0.174573283236037	0.972030298828484	0.660431853616618	0.0292134009528872	0.144088203035771	0.53733437777764	0.29851329520502	0.0535399209719555	0.0809730939642036	0.283712698699328	0.414569398201225	0.0451679306053426	0.0043623184494801	0.0088586705975909	0.353973921394427	0.895447556026519	0.0234452827723076	0.73558973886377	0.027836379178878	0.0496194183053947	0.663896307038301	0.135020537374362	0.0162676017355947	0.900184352421344	0.645673490825077	0.4821805099465	0.192726114264221	0.201456275284877	0.183397581258441	0.016306904328394
0.0887285590668458	0.0834257901022929	0.0018063635952224	0.0011691053349424	0.0017441724197348	0.160618800870285	0.0324098240175032	0.0016141709550044	0.282509153020035	0.410599541803781	0.130881252838368	0.885173956065276	0.0513709787834931	0.0039914364519242	0.0018664849286182	0.0319376603202277	0.17791541277405	0.0013735386812833	0.0028737718590436	0.0032546721427923	0.979866353191646	0.101282674633731	0.0580931472762615	0.276165116169706	0.238248137718028	0.373561834710197	0.0165639587800589	0.169302817903758	0.17496587712624	0.0213275677610787	0.0810530424585346	0.0223321302853666	0.0076094802187709	0.321816119413109	0.20142416897988	0.970754926938065	0.0030237016929461	0.696363408967256	0.155297731107769	0.0214377202599472	0.034606628921597	0.0127850441067155	0.0052585015941237	0.0193511833740861	0.0684810741321035	0.0815277133386008
0.811561489014819	0.647293392547226	0.767269813387457	0.0823645161805606	0.0995253714097527	0.076772193404649	0.678293406914538	0.0029168769146242	0.0520733416105136	0.426658793475896	0.107911169853192	0.478614502456127	0.278748483467023	0.0397579960500063	0.399295990122582	0.0266891904474054	0.61189669517267	0.0024998325752005	0.000301148243468	0.0936914891229098	0.0356691785084921	0.0118474984953406	0.377363869681421	0.52179860326069	0.36489422783548	0.927889257834985	0.0128877310573619	0.918345770841343	0.421865857482741	0.49982170073337	0.943984219969967	0.80083126993915	0.0028813757818098	0.0977173701038934	0.0170374684472395	0.196803383993756	0.0049166526522886	0.26515108369701	0.719330439544655	0.715502585665279	0.170888376418552	0.0212959708933776	0.664010603736252	0.0316718595909056	0.123456946893725	0.009656445712129
1.20384859907651e-05	0.0001348134756793	7.05989769285965e-05	1.15606752655771e-05	2.20051747521981e-06	0.0001307650287051	4.42651594521437e-06	1.88026785541041e-05	0.0070774131759859	0.0135920824003584	6.55829101918108e-06	2.3980283938768e-05	6.07246921616148e-05	2.51815261709157e-05	0.0221673416617681	0.0003391631486575	0.0002283761641649	0.0005209145078457	4.78466831277783e-05	0.000333114989948	0.598654319377262	5.16702784388956e-07	3.43022271724854e-05	2.16493742071685e-08	3.62792860025221e-07	7.46123710411387e-06	4.55066185743925e-08	4.67332530518306e-06	1.307807809409e-06	9.52963745781841e-06	0.0027119572039451	0.0008603488761241	9.73870887467583e-07	0.0019327669070098	7.81968734736812e-05	0.0007090927143623	0.0002377979283406	7.64162314292215e-07	1.61636369926318e-06	0.0002958100284368	1.6111503293319e-06	1.31168809703251e-06	0.0019101911355018	2.77667119547683e-06	2.60961500800058e-06	1.23670882085113e-05
0.0028235074969845	0.0006030617298042	0.016400479882479	0.0022803562152402	0.0029148063753667	0.474792657792493	0.0212769982961083	0.0052563230983334	0.986329390230103	0.0029990988567845	0.828645309291347	0.0042564828920377	0.0167254425508617	0.0029369869075902	0.003271588021496	0.0180215613713315	0.0035281843873706	0.613096454881289	0.0116588920064778	0.0096212055678281	0.370645411170804	0.0823976873954806	0.0032653517842479	0.0298807192028736	0.0074474194057603	0.0002114548425307	0.0510133449600472	0.0284979619366007	0.0582380026014356	0.835721087013899	0.081972501634867	0.102051401321373	0.0322710154067831	0.0067567597954401	0.0065595592574544	0.0177348007298999	0.0322900326673533	0.001146650903262	0.603767825515125	0.0731411246652881	0.544701162454372	0.0163362496875814	0.0290926164709369	0.00240187018576	0.141260156911756	0.0017272585522348
0.0822440697562698	0.420122561834557	0.0012800226107718	4.102058575975e-05	3.79116904626976e-05	0.0033386069157324	0.0109744150394991	0.0008252763610563	0.003845270031932	0.0038117541134019	9.44123971882922e-05	0.0111961258740264	0.101256900627346	0.0734731198227283	0.0192214749540677	0.0249493457420912	0.0183820214593039	0.0004212125332459	0.0010015729289714	0.0193519524718968	0.0131680640337852	0.0840474544140386	0.279710735574677	0.117490096367121	0.0131256035390825	0.227905622818956	0.109978917316103	0.537449520526352	0.21811877922668	0.0010338211870622	0.0076427630853244	0.343825590666564	0.0003151178941923	0.015494806711918	0.0309675799083905	0.0141811922091947	8.34135226292332e-05	0.294826237971095	0.0005058358546342	0.0013080811391017	0.000212610211685	0.0002915497670855	0.0004095559104195	0.0018428444055125	0.0072051224991309	0.0002599156099409
0.980276743780348	0.899427160442969	0.190951204763452	0.0022302010385414	0.103186261867768	0.529092351701246	0.776264660853631	0.990160994065972	0.961603071444943	0.904775630050815	0.617514621570476	0.912476320216366	0.409597011266041	0.786990005822412	0.113521275327837	0.389435047565166	0.824503000822936	0.894064739356848	0.0041924048974551	0.851447773656824	0.995604656431908	0.683518630952781	0.665670346433945	0.450815785502038	0.992104488883745	0.49185321827651	0.209146335290704	0.0691590362807667	0.318963029702485	0.900914874155807	0.110410306912441	0.609817819028328	0.528961794794497	0.395334816628764	0.902191528849106	0.999200381823333	0.032210621810407	0.390947144055427	0.107151283946903	0.362029493574599	0.548580510723755	0.998966543410414	0.129735466905236	0.823013945156317	0.986405512434375	0.999799619349289
0.988989330359163	0.879022779852583	0.50881386891774	0.344053033033229	0.99889197100315	0.0257489118303266	0.189712229165473	0.0805113946174354	0.974177080630211	0.994836314780453	0.526628460997826	0.243515263757432	0.553457377688655	0.966181132143936	0.780842077405369	0.0848898534978527	0.997953164929863	0.127433738044993	0.254141375695229	0.84941596596069	0.84801078804242	0.945747434716528	0.996365455451181	0.981755378077217	0.971209275150365	0.966257580636866	0.859325110257867	0.831416049550477	0.888809188778423	0.251554355708989	0.274363913151832	0.300160095385488	0.0905005332856359	0.0066874072283605	0.923784424375265	0.0144744441731621	0.913929358523876	0.295575202959972	0.383287676114407	0.269349152504384	0.667134198676659	0.524591306833521	0.999189238625772	0.324517306798693	0.314536823381495	0.0442604435712801
0.0003787768612361	0.0048395226389001	0.0003113102795791	2.71400513220404e-07	7.31099720595114e-07	0.0002299380453468	0.0056103108626221	0.0003755317920778	0.0001897144556087	0.0010022704597377	3.2394979932571e-06	2.90519103979226e-05	0.0012989769217145	0.0001182769193605	0.0003245115292683	0.0007949740312631	0.0010367808249797	0.0024778010542973	0.01382321234995	0.0002338541876286	0.0152691663880357	0.0004754819855282	0.0003214300907824	0.000491267130378	0.0001429572220624	0.0001909832575377	0.0045989331518519	0.0022814415867972	0.0017010887244245	0.0007233407456837	0.0018461021335867	0.0006019498101454	4.1309701684258e-07	6.9157333897904e-05	0.0038771780285148	0.0266657406582972	3.66938105540314e-06	6.91918381586862e-07	1.13344845019596e-06	0.0003556320510159	5.64433900633629e-06	9.6711212261528e-05	5.28799082014397e-06	2.97578653096028e-05	0.0001597522211973	5.56032626462914e-05
0.0319790826428119	0.316376283186663	0.0161921239344688	0.11534361932105	0.155741489955649	0.346623717514144	0.0045627588152379	0.451701220380978	0.0279275675712354	0.38398053198986	0.119536070359988	0.928119480349389	0.904163263196318	0.980085905145962	0.825645774890324	0.339236476463681	0.809725558875628	0.978695599620982	0.120318731152209	0.20523221579502	0.107553690116425	0.631105632777485	0.276654664144693	0.96846173295476	0.993634722675197	0.131582193963418	0.450656681520307	0.459863730433673	0.99459820473823	0.0990850654541624	0.868378336436008	0.998351877118474	0.0038197747536821	0.99936276749043	0.740149732731534	0.991678031177598	0.195471064308845	0.859462201863372	0.573950606438379	0.0271848217214661	0.115276191150929	0.0039446184441263	0.0080372617059418	0.035083072590711	0.128340538973972	0.671809721226878
0.171533058162136	0.0034227871268843	5.81968682669421e-05	0.0007008338514849	0.0539763309979213	0.0493947029904227	0.0012590903229502	0.0658829264410553	0.0991217579588535	0.655104617786328	0.0114682639275128	0.336147484612172	0.0002258228436704	0.0007784360310336	0.000430466219054	0.0608287372664908	0.072007851018594	0.0140140748350473	0.0013174772859244	0.530907903694982	0.382973102657026	0.057645023614335	0.0173722326258267	0.368623783938293	0.0006319027544102	0.006102833320997	0.0372327890099487	0.0404225395237251	0.237483913364274	0.0024114035434032	0.0470859878060962	0.0007507169031866	0.0059910890539346	0.259244440108611	0.0009215803282653	0.0754927569046776	0.0041089158114971	0.251794595182105	0.146490509317176	0.172098181491065	0.142017747710009	0.000877730594082	0.436280569226083	0.0425822689238821	0.0406581657192553	0.0006871562185643
0.0491580840919762	0.0042000397026404	0.0013220591190158	0.0022894713340671	0.0029270726728451	0.0414761707464526	0.0018924763194103	0.0051349895920772	0.0021264496766095	0.0029508388005501	0.0029453355162159	0.0041562594954834	0.0011169773653877	0.0028222897254359	0.0031529017558592	0.0013033611950669	0.0626921541228347	0.006770343201	0.0114091241257936	0.624560379179859	0.0167829087448888	0.000349669018691	0.0262484945349448	0.000188567188838	0.0007787904782351	0.0001915621902522	0.0002823832657643	0.0269655307944101	0.0064708830174553	0.0090081487401061	0.0038129412277343	0.005422921933206	0.200601113643239	0.13232389675323	0.0064915373513163	0.0177402264828524	0.0024029074896852	0.0726570017049359	0.0016978274787016	0.0037914895149347	0.0352852788338175	0.0015687444697124	0.0023680685330259	0.0023388852387545	0.0020752718920906	0.0142315666452995
0.99967870682033	0.999786654446679	0.999998417129865	0.994930080980611	0.931701376876355	0.996335540667621	0.999995323382638	0.998798514171223	0.999941985870639	0.999823025476624	0.986355851098452	0.968509330949132	0.999208625945148	0.525939291101547	0.99854972355253	0.813567102725904	0.999698631098636	0.962862674319328	0.967465369146528	0.900088992412383	0.999999989258023	0.998586532058373	0.999913741576085	0.999848161230902	0.999986082498759	0.928767188381934	0.999744426239644	0.959342887404973	0.989086132988763	0.999999968734467	0.997985657775248	0.997338925741263	0.984886883983232	0.939065990714947	0.997456400755801	0.476893059558927	0.99604706290912	0.992854937441868	0.996936291496969	0.999945750445324	0.986444438958607	0.999996981998709	0.999629041503297	0.99999997038856	0.999999999939594	0.999999466981511
0.0518726971790451	0.366693957147738	0.0296609030964594	0.0056430361703394	0.172582600123589	0.393920521781049	0.250267681926987	0.0628950621815394	0.0109940696373838	0.0158771232666719	0.0164503287215588	0.0048249609028081	0.0909373762648266	0.616366191781959	0.224713639966637	0.534006913015303	0.114750787086503	0.40375579499264	0.660410619887854	0.24377558423382	0.188891000663782	0.0271980627184122	0.0854898326477921	0.338750780454236	0.163088377174414	0.16389021988479	0.0255486110565723	0.0440023364464166	0.220288666611613	0.0211869100006406	0.0458072402190868	0.0618968492446805	0.0066218825132232	0.725708136184939	0.0046295701994033	0.391543621753662	0.158172438563826	0.0039046805087334	0.0061084053845876	0.533063860053188	0.0362918942825717	0.0424455277962861	0.0188107012640794	0.0654965511535738	0.012363815020856	0.211070639820042
0.101631192510129	0.0915851218332802	0.0011288115472179	0.0550389883096462	0.0004658373395323	0.000130502559623	0.0037307741759553	0.0114982398600659	0.0046409960117683	0.0051352748749254	0.0010744068514805	0.0492654442660105	0.0725244145557465	0.17906700742328	0.0791944565790854	0.213842424184815	0.173579709803128	0.0092386961398585	0.227670507458219	0.0016837660884399	0.0489702023662724	0.580108729098834	0.169411502009364	0.222576423829904	0.0311070580748679	0.362154082587642	0.237887024407142	0.172003325731658	0.697747150111483	0.0127318866851571	0.0437619829406409	0.0114194875763187	0.000386749333017	0.0012188596576523	0.03631534593676	0.0825376116441504	0.0324435898822041	0.308806651646023	0.000564911958631	0.0138965816645452	0.0017315847754641	0.00156384921622	0.160183641916816	0.0019141208455509	0.118733561584487	0.0414814135360158
0.36934393153869	0.902660274126043	0.998062527152027	0.891122795406742	0.0117212690693817	0.840094184633538	0.871181113049298	0.595889663014585	0.277160548732868	0.684800516624014	0.597494159459756	0.734976368116088	0.970906070663391	0.96460251960509	0.18443266395028	0.991638448530491	0.907899023389667	0.941208608787917	0.0431391663417105	0.985356141603365	0.594255624822835	0.916300355445099	0.965616739824226	0.976213542248265	0.430077536942558	0.960053962275978	0.5505433510851	0.451816977149855	0.613197848720525	0.33647119182667	0.98862515128087	0.91088293426712	0.330351677341553	0.971309391387202	0.741980670132015	0.452535882299232	0.986814546444862	0.911073190544391	0.707606201798603	0.559084262449477	0.0980362248065318	0.97487693224876	0.979990418502548	0.654593705978085	0.314865566062394	0.44252181131409
0.0001041358711634	0.0053147420640725	0.0002667549312298	0.0004247211590841	0.0006325176923436	0.0009187061335219	0.0055828825538108	0.0017173493740627	0.0006025882731719	0.0008275448922172	0.0105771060459678	0.0014866899928624	0.0003837865852478	0.0011920166226962	0.0010190907500922	0.0004726931153402	0.0042393315510687	0.0020493881976421	0.0039999319965991	0.0046640604047704	0.000364622441555	6.80230932630352e-05	0.000638671257766	4.27324454137056e-05	0.0016602109065607	5.01228560749603e-05	6.35071129239657e-05	0.0007345843004431	7.42378765503565e-05	0.0002046837629248	0.0012212998234568	0.0019774724864606	0.0004612463302522	0.0026733356128018	0.0025266249875913	0.0085916359354909	0.0004597545601926	0.0002367785447416	0.0003838970749751	0.0012542901748703	0.0005555653116628	0.000375085863802	0.0451067815097338	0.0005973953049051	0.0005267211771139	0.0031521633471717
0.0386053860227355	0.014168216205308	0.370639219942779	0.191534100476474	0.981573227796467	0.899113221021057	0.13773595894993	0.157282984818265	0.0052854413663182	0.268656176860175	0.0077875674632987	0.646799437377689	0.129398577588701	0.288258392421863	0.391046871746237	0.351342917870408	0.287758822733855	0.250944426715675	0.0265761311672964	0.0168551694329778	0.756896382981029	0.0019654443360413	0.280925132868924	0.323984784233146	0.0935401623754596	0.0977688957231719	0.0196586803942358	0.0930228416514902	0.028045419156657	0.0183827526340792	0.997235322267163	0.455950400418295	0.0438892193523037	0.181315702572494	0.149823930465574	0.0258873023177991	0.147661020450632	0.859074078065401	0.124605885070826	0.436797061329842	0.050077229266405	0.0331500096024682	0.056889776483399	0.217387071875628	0.0059694182797627	0.106049953157655
0.168607188292605	0.184600551604964	0.0638903395485687	0.823596512968957	0.0846978194617733	0.479682007755477	0.0570470058927837	0.0815648602108089	0.406283207503161	0.0691902442692288	0.732708398159878	0.0662349442701645	0.333969994810665	0.0457467079707846	0.0757257329767943	0.0430310578473386	0.753286148164204	0.113128412331624	0.128249772074434	0.604185275588541	0.39203531793001	0.382417267441952	0.0246145033993933	0.0259113853518179	0.29609996187727	0.0233494528910235	0.0323992053854973	0.0229732388484877	0.0321018886029673	0.29319992360703	0.0754636066669379	0.605070352219728	0.0857050130564816	0.073765649880584	0.0744506067274514	0.740644262699724	0.512021047807925	0.057126125639604	0.747136329930396	0.0804584280347327	0.0871918618590166	0.37960586538621	0.0714897789659999	0.461253733484707	0.0723106248201607	0.0712718821680756
0.0006795804179256	0.0073505520091909	0.027390964578177	0.0483897376748919	0.0651941014248101	0.0051603701800031	0.145008970521357	0.0079716072001236	0.0414117601378441	0.0047713162069719	0.221687241384164	0.84478149939648	0.0018672835189176	0.0043274715585346	0.349928469012719	0.0280631679452229	0.0063019422319882	0.221738517970394	0.0171694066296014	0.0126078292775182	0.800739958590715	0.0152545762745039	0.0063557648207094	0.0067904625453458	0.0015233348688062	0.0538536566496676	0.0005973822197897	0.0062111329333334	0.0006390951918929	0.015158806462275	0.0060009567838136	0.0081902348019723	0.0040607280467989	0.0095598778646147	0.436208705247597	0.0226158704417358	0.250349223326429	0.0221249613215004	0.0341958409229341	0.0061458544517784	0.0547651165431149	0.0027984832676525	0.004039227483817	0.223791873506377	0.0035737212954703	0.0030012976860331
0.0003656644665628	0.000793474861478	0.011212761799911	0.031673135366278	0.296159457050841	0.0325106765732051	0.0139400378617449	0.0017162824373689	0.0176009420403107	0.0293886207842103	0.022014075698717	0.0014278533493833	0.0002254648061643	0.0006819755156777	0.0007318167381047	0.0001986606211561	0.0005783487638973	0.0952384522891545	0.0040932679667014	0.0051623601466524	0.0605600025564817	2.27127469360389e-05	9.97930051969839e-06	0.0003059402378197	9.08513241394859e-05	0.0225353304239142	0.0093139765239726	0.002331172727401	0.006828691932761	0.0282228193414713	0.654238186625898	0.302182081793995	0.0010763535389526	0.0028265693795384	0.0032289157183074	0.0129579292006929	0.001768779710532	0.0004675545247864	0.114569360602721	0.0009821914828448	0.0012328529996963	0.0003942225026678	0.0006027996617089	0.0006412227015518	0.0136686881242206	0.0004443843132117
0.0038104786319085	0.43887235447368	0.215078602564968	0.0014305666964286	0.127398265009962	0.33569264109945	0.0016413046568618	0.65503471605484	0.730179118556277	0.0293664415938047	0.292052700982755	0.0645469506427328	0.720052125481722	0.177902502097499	0.525267900756222	0.666608524431378	0.153763513966069	0.524218884733485	0.0110487604921427	0.136530555982115	0.995958479693018	0.0746632483269884	0.133613902789221	0.0331059292304161	0.0368493971309458	0.745440768085951	0.0067785780862743	0.524010740046018	0.0096733557669968	0.0064227973821534	0.273241259999371	0.0053143462790949	0.987764316747603	0.102397105440559	0.0056671621098778	0.0143708115671876	0.0696445735611164	0.897426114629948	0.398627751831673	0.263615957138507	0.0017959521454671	0.531813112837705	0.0221226985229786	0.101904501979077	0.657443139397225	0.156608101054822
0.0050379095991568	0.0073505520091909	0.0023600827003753	0.0039535184317825	0.322786772303239	0.0613607184136272	0.0031196708667598	0.0079716072001236	0.0034542455671473	0.0047713162069719	0.0568857166380412	0.117576625566018	0.0259642710594911	0.0043274715585346	0.349928469012719	0.0280631679452229	0.103655408140641	0.0108011173643171	0.0171694066296014	0.0126078292775182	0.0280585148708955	0.0152545762745039	0.0003682295284242	0.0004187025357822	0.0132094239643521	0.0538536566496676	0.0005973822197897	0.0003895889070095	0.0006390951918929	0.0015264451877557	0.0060009567838136	0.0081902348019723	0.0519497522210084	0.0095598778646147	0.961161863290915	0.0226158704417358	0.003949566296677	0.001994860141547	0.0341958409229341	0.0061458544517784	0.0045511656222695	0.0027984832676525	0.004039227483817	0.0040447973621575	0.557410039583264	0.0030012976860331
0.14951134197657	0.418501794063672	0.0213918143015806	0.0253853027444148	0.446530817054169	0.0451622105126107	0.0008798026870801	0.0453758005574531	0.86904826872835	0.997760164626907	0.141101408483947	0.761575510146315	0.471690138078378	0.815229685624739	0.85681598740271	0.79676260949446	0.714930010992493	0.0648517647996342	0.610338702782001	0.961051240810434	0.141122103910539	0.0798136260830139	0.416818605788173	0.506874109771509	0.593928163658315	0.779345389765347	0.950332228431166	0.999130966867772	0.699812898164246	0.708626866478919	0.716434825000687	0.185357825296874	0.856485911953695	0.473737523162044	0.957441808740232	0.0075878194541688	0.944608406217853	0.0415260122043055	0.0043034217229257	0.454384803329669	0.0006232514491183	0.608397482007951	0.0119098402094828	0.693169397506798	0.0403924729466342	0.18217465472626
0.0176605165803779	0.0218235711819891	0.0096319818671684	0.001473004316247	0.120359396676598	0.32742020252637	0.417027830458833	0.0054751686892618	0.01856161301876	0.0297572337770619	0.0028334560683043	0.066198767467269	0.356808019946562	0.0537765910404605	0.0040543443769931	0.0862183727658678	0.162837956066261	0.0069941554718583	0.0119144328017313	0.136458628082544	0.0713140901215519	0.381041540443635	0.0322134982467925	0.0056475170072879	0.0398708781619684	0.191081004530183	0.0005759593395179	0.0469145964841916	0.0119390774787554	0.098319275387344	0.0038529619417657	0.0819550701904503	0.0159227985898912	0.904024473417182	0.0059334623200409	0.0145006269439323	0.0012038581874518	0.0337855519193988	0.0013659034629449	0.0644108248910728	0.663160924861812	0.01242907593194	0.002725853075073	0.0211723150035238	0.0910690036048664	0.0017824723890285
0.849952656122493	0.827939363455737	0.0094504273810618	0.0014344472478119	0.0003577130577523	0.158918296340085	0.0810273601816982	0.934423147703438	0.107477598843419	0.0185225354170358	0.760389584532113	0.615885559136071	0.958590114178559	0.0575181192339492	0.284759450063208	0.2494316352697	0.478432903841766	0.0059560471495863	0.0200285275757547	0.610405589315231	0.242984300965228	0.451004821423504	0.907091317738974	0.59993508915268	0.0681909799815258	0.125299957368573	0.097301090977279	0.0430277508274481	0.181144935121765	0.112036422358352	0.100325845932503	0.530035470169841	0.0015446945677855	0.0006947405581901	0.391895620654879	0.954633359595795	0.0034130424726879	0.0127569609959052	0.276493248019371	0.604809354074918	0.985924584312716	0.0118047369214452	0.26749791031941	0.469986243250856	0.0721196236609088	0.0219323595180276
0.0063450179453444	0.0473512928573872	0.0168537413830388	0.0251056138710973	0.0270656103538033	0.026483669165869	0.14735144607607	0.0342962015305805	0.169905761671532	0.0251933783519071	0.02542584656163	0.0269570084842243	0.0106489548226565	0.0180140506807233	0.0277533712038359	0.0127686207227304	0.048527861668935	0.514246449640066	0.0636156990692219	0.0345023660178465	0.0190713312910714	0.0084725751755152	0.0045078747222871	0.0051076645219017	0.0900708596422507	0.0048271812271425	0.0064671804042553	0.0046495459678966	0.0070417088819955	0.0113568260849279	0.0282758477671261	0.0334673067416697	0.0259625240454557	0.0334635397569969	0.0325259683646747	0.0545704700818086	0.0235907945428636	0.0141863006490652	0.0189591333402904	0.030870734588974	0.02789662499024	0.0198364178717373	0.197165609963612	0.0256572919142047	0.0227846636013108	0.0213251180176307
0.840515417955509	0.842566719791658	0.776028404318922	0.325033669127281	0.999703272209427	0.999987199641204	0.999988896294758	0.999990271113894	0.999971276024054	0.999997569618427	0.999587203986378	0.999948341264197	0.999999309840559	0.999944374653211	0.999999679907092	0.999994050348635	0.999921222483696	0.999997927292491	0.999248635351586	0.998451795242722	0.999998726541098	0.999950461991721	0.99993923924843	0.999936355373921	0.999245470677976	0.999209244579498	0.998377021581091	0.994021068615851	0.998532491276785	0.999987094905653	0.999881146818585	0.999999631677838	0.999981777141362	0.999998726336468	0.999928485406031	0.999999136193293	0.999923958251867	0.999916965683292	0.98397801068271	0.999861816847244	0.999991435183944	0.99999697767004	0.99995747643479	0.999969609296963	0.99999954492478	0.99999314797078
0.991351186188022	0.991279944937168	0.119404747994265	0.0036641401378438	0.270178981346172	0.647277537288805	0.994341208322194	0.960690290128367	0.970763379036764	0.388131373939232	0.0967742933722806	0.991937706368496	0.996855744126709	0.897051859376321	0.999330464533262	0.970267207291327	0.982836386359726	0.983626398156385	0.966894951866845	0.161948252433615	0.979794417726324	0.999551262758819	0.99901933370756	0.997532275451612	0.865097006505106	0.999206400122732	0.999732927537687	0.924741989066074	0.938490405280866	0.997626875701906	0.99290537114191	0.960864900829257	0.166885043237593	0.993232542506443	0.439673763813669	0.990061021388689	0.98335760701061	0.315646087934586	0.0658100253404457	0.988460168517991	0.0105376857295302	0.945828164380747	0.964341977858202	0.991737081945903	0.902206076016424	0.96978369031832
0.0169367359086394	0.020482135720931	0.373866368899981	0.0059196035741636	0.0006839621618973	0.0117868173785793	0.0293458054774529	0.0019785480733447	0.0079027228067846	0.0009296562176742	0.053962438944061	0.001708615644889	0.0284071459297202	0.0014488239114425	0.0212387616407665	0.114979147430118	0.0053716119417279	0.347478011657621	0.141613776174684	0.0050195883308563	0.0284237171571174	0.0220542010655998	0.0074231075245321	0.0010166059356346	0.0020849194815789	0.21117401439986	0.001697370461304	0.0011351773823083	0.0022386096257901	0.0022954930533497	0.028651842423454	0.0405476270873822	0.0066522238752001	0.0029774509842291	0.0027506184995052	0.0088377916763795	0.0004745780105206	0.0028459812227659	0.0048283479349352	0.0265754727623722	0.0076085425607477	0.0042107154205171	0.0007908888078572	0.0077500283216763	0.0006188099453307	0.0004742083715126
0.0019972613478148	0.0009650245762436	0.0005069338738049	0.0038568945047213	0.144473345769585	0.0089374702264537	0.261004194172317	0.0022219769502209	0.325020538819902	0.49936431601303	0.818961888178704	0.992459155755073	0.734192125171083	0.123252013313775	0.95975522612778	0.31132149553543	0.938989626823236	0.122839385142622	0.425002433459119	0.868405101813636	0.999993203946403	0.986714281544563	0.0165923066837876	0.11312166305982	0.994445935992027	0.0356343179277	0.0409606765690179	0.233060345493372	0.253880616508372	0.463023481461827	0.383010810540903	0.37364079599612	0.0036629274074221	0.0281577582376251	0.492887728545965	0.0010685716358482	0.125275967447719	0.0168471405575925	0.0714592551307553	0.366837560154488	0.564962937862222	0.0159711459331563	0.125299650394057	0.10102725777241	0.669826066377202	0.578757621818464
0.8363435080136	0.392367600651941	0.347882264123296	0.0739576802089953	0.799801048449079	0.0670893638605182	0.964632599867207	0.0756856931509048	0.368329541188636	0.0634617404380922	0.0627059797092478	0.0611468066789871	0.892850380529927	0.0419702024613245	0.52916071561005	0.0379118448633522	0.708986879342964	0.105998256641403	0.121464042833117	0.0625302139491529	0.351503752691942	0.334663175832306	0.221754120571182	0.634402995999614	0.259096113679512	0.220036673823828	0.0272832373645984	0.198438655208585	0.313763523245727	0.574672224009886	0.0688681165703473	0.573299506769482	0.451997680316205	0.0687148171041747	0.0687863804575971	0.0916779228925667	0.0732265997236873	0.924602124359921	0.05840329697261	0.0742993961569767	0.443692540351908	0.0603537483146754	0.0653214240998412	0.421284263385719	0.0650395613774619	0.0639020429005061
0.0411383443233626	0.0053919547815562	0.0006551369162778	4.45673229764888e-05	6.25008450900697e-05	0.0001664745021607	0.0001317024416781	0.0006766535478959	0.0012049688425328	0.0015045310144178	0.0068847538638485	0.0007042342829216	0.0064281968077674	0.0019233193440774	0.0007438601657008	0.0020449961253749	0.0034434743206079	0.0005246279207223	0.0012116193993793	0.001901027209681	0.0013542093799878	0.0053286246642066	0.0036975110614085	0.0054057837009916	0.0087866786580776	0.0011978600206363	0.0061021785864544	0.0160376149872669	0.0011976849853975	0.0005814195694163	0.0071335747241517	0.053090071429383	5.08315224311733e-05	0.0011090414605809	0.0007779557195392	0.0018555598275614	0.0002290036094812	5.09111275726244e-05	0.0005655589695041	0.00073617868167	0.0004743857525472	0.0050747020899496	0.0002737649683286	0.0015530483549053	0.0001665975732693	0.0030582282846286
0.0088530097609988	0.0017729734207295	0.0040238193944899	0.0065554229774473	0.0947544380719576	0.007994909024701	0.0500276213016282	0.0118929241720586	0.0054335304825612	0.0074625544198964	0.0075246466291552	0.0093932381775892	0.002976382081778	0.0063597772809222	0.127198315414405	0.0035678566152376	0.0110220407765148	0.0164903440112627	0.0247961914117067	0.0164330661867524	0.0045514520306891	0.21881026775809	0.0119323429461145	0.0937143005084581	0.0027774039819338	0.0008309391766122	0.0204684263407141	0.0116636289320723	0.0012510990697435	0.024588665934703	0.0091156232651145	0.0119721061204653	0.0067330622542761	0.0133842132162533	0.0129359672800338	0.0285174683835145	0.0063507810666386	0.0033641592141942	0.0048036695186681	0.0095382145914644	0.0074502976654131	0.0047585377120472	0.0065844978700192	0.0066849719673194	0.280891142965968	0.0051095137987366
0.796158604035472	0.855752495320915	0.81337741821697	0.19709586466474	0.970150898174813	0.186343912345136	0.385868808858781	0.018217257794339	0.427110636056819	0.971097342037029	0.466200199141161	0.934257913445456	0.281933170451801	0.441185576182473	0.854266696712321	0.308949455451643	0.839877350399387	0.440561431849498	0.608316840793779	0.371480424820073	0.939640744692056	0.998594622156962	0.965940584328627	0.971401809696897	0.973461267787411	0.995711560449305	0.978302451007313	0.883066938805707	0.923343504300978	0.251233015357872	0.701698020895098	0.980478257363451	0.894608026319067	0.972707863217603	0.666076653350281	0.583042278379046	0.641365793505576	0.1013325932437	0.0102872735326069	0.658181837389651	0.194624221999753	0.0089146372002659	0.488240994612171	0.526455746657887	0.827107649269841	0.741329690947203
0.0975819679216332	0.475102873390336	0.01387204979905	0.0119212393535546	0.943714745807187	0.0677169608109052	0.845593114457787	0.865704406626827	0.940313447019587	0.431071115161816	0.0179918767729774	0.663879853018233	0.907098214978027	0.702571057910946	0.0414994411236343	0.851439575763059	0.0848511920707978	0.294009673902686	0.217644197899383	0.888519385884114	0.103163168380873	0.0381104789896113	0.296746579339356	0.0304332174478668	0.947000883090019	0.749638270121999	0.472383784911487	0.295206410028225	0.860871070037978	0.86296498878402	0.346010624259	0.896070480718645	0.0021661051502601	0.619575247060367	0.978429186664643	0.999997611370957	0.0163008044444495	0.498545753932232	0.543072160322964	0.155633819022903	0.156861278912992	0.474479436256632	0.122827138753115	0.917525709210121	0.0961466088919965	0.503527333329667
0.0691477446127106	0.127068666237062	0.0012229175368434	9.81847941290544e-06	0.0012257502012305	0.0004277619461516	0.0014381472436564	0.0965229547447212	0.338636805097974	0.0338120253482019	0.0021001909317974	0.162495011737113	0.349469771703224	0.759721028586615	0.0040203131576792	0.0012843511032951	0.0209856143347406	0.0001583749401026	0.0004105085032446	0.0009624349191234	0.177199423709025	0.136576318392747	0.0626189649376498	0.0945196168699472	0.0155105633462372	0.0079962328374956	0.379658320177506	0.0675683765465943	0.227061736630241	0.571096822000846	0.0165903097812213	0.21463961072842	0.0001146248599219	0.0078056488174167	0.487574742913945	0.0781406243466529	0.0003246334513971	0.0022478586748819	0.0097510390867805	0.021856353657678	0.0001107050384733	0.0016906742083585	0.0037548346683592	0.0113667918768636	0.0022716778517239	0.0133369414057336
0.0796313023723657	0.505169736726064	0.230515554046224	0.352656968452649	0.996261417107084	0.0042453551323816	0.0786665842487642	0.867235574255437	0.10278082058891	0.938901678899025	0.0385945909975589	0.746330095059352	0.945970746416405	0.984724447455755	0.0772096624845291	0.112830091821357	0.207716255487664	0.166570632210786	0.305001563464961	0.789827845005424	0.955623037149324	0.119107707342663	0.783237392683388	0.0608080970019314	0.474280868546146	0.80499337839629	0.0842756949989582	0.0741155282363303	0.124254321162928	0.293200877628218	0.0813320178915234	0.348258132613607	0.0208903575387052	0.12606289857237	0.3067776919153	0.99608841939761	0.984649414375387	0.759571915588801	0.813343324779374	0.0875633956154536	0.119444479784266	0.263919626412876	0.393105673992691	0.0039989166685659	0.0247892638204075	0.0580065608768415
